{
  "Total" : {
    "transaction" : "Total",
    "sampleCount" : 10500,
    "errorCount" : 1,
    "errorPct" : 0.00952381,
    "meanResTime" : 3146.061428571423,
    "medianResTime" : 1968.5,
    "minResTime" : 173.0,
    "maxResTime" : 16684.0,
    "pct1ResTime" : 8555.9,
    "pct2ResTime" : 9948.899999999998,
    "pct3ResTime" : 11624.949999999999,
    "throughput" : 0.03199278203836489,
    "receivedKBytesPerSec" : 0.03591849456404851,
    "sentKBytesPerSec" : 0.003904996961272241
  },
  "getUser" : {
    "transaction" : "getUser",
    "sampleCount" : 10500,
    "errorCount" : 1,
    "errorPct" : 0.00952381,
    "meanResTime" : 3146.061428571423,
    "medianResTime" : 1968.5,
    "minResTime" : 173.0,
    "maxResTime" : 16684.0,
    "pct1ResTime" : 8555.9,
    "pct2ResTime" : 9948.899999999998,
    "pct3ResTime" : 11624.949999999999,
    "throughput" : 0.03199278203836489,
    "receivedKBytesPerSec" : 0.03591849456404851,
    "sentKBytesPerSec" : 0.003904996961272241
  }
}